 ,Area,Feret,FeretX,FeretY,FeretAngle,MinFeret
1,2042.067,59.148,290,22,76.608,46.580
2,1794.316,56.487,94,11,140.906,46.580
3,1719.240,50.523,36,10,102.529,46.580
4,1621.642,51.988,378,31,71.565,43.840
5,1554.073,49.396,433,14,109.440,43.840
6,1358.876,46.661,166,32,49.764,41.100
7,1058.572,41.824,226,20,121.608,35.379
8,1381.398,50.374,334,52,67.620,42.331
9,2124.651,60.529,253,50,5.194,52.060
10,1891.915,65.359,147,55,146.976,44.562
11,1546.566,52.634,20,73,38.660,41.100
12,2590.122,64.200,87,98,39.806,57.184
13,1959.484,55.481,324,109,32.905,48.437
14,2252.280,73.726,134,95,131.987,48.175
15,1163.678,43.323,455,109,71.565,38.512
16,1388.906,47.930,277,100,149.036,40.687
17,1891.915,54.800,400,117,53.130,49.320
18,1396.414,49.396,52,112,123.690,41.080
19,1576.596,51.698,216,122,147.995,46.213
20,1951.976,56.487,373,121,104.036,47.789
21,1944.468,55.885,427,148,78.690,49.320
22,1478.997,51.988,325,129,108.435,44.562
23,1554.073,50.374,179,134,157.620,43.840
24,2402.432,63.907,259,139,149.036,53.569
25,1081.094,41.824,128,152,58.392,37.986
26,165.167,20.867,468,147,23.199,13.700
27,1163.678,43.323,92,153,124.695,38.360
28,1816.839,55.481,355,158,122.905,46.580
29,2027.052,55.481,240,186,57.095,51.835
30,1343.860,45.931,128,179,162.646,38.360
31,1081.094,42.888,491,186,153.435,35.620
32,1418.936,49.396,31,197,160.560,41.100
33,1666.687,53.972,331,198,113.962,48.570
34,765.775,35.725,372,201,122.471,32.424
35,1651.672,55.481,455,209,159.775,43.840
36,1756.778,52.634,227,210,128.660,46.580
37,991.003,40.456,106,216,118.301,32.880
38,1704.225,50.967,177,229,126.254,47.789
39,1388.906,46.821,421,241,159.444,41.100
40,698.207,37.268,316,238,126.027,26.958
41,908.420,41.100,84,256,53.130,34.314
42,1411.429,46.580,258,250,151.928,41.100
43,930.942,38.943,130,261,39.289,32.880
44,743.252,35.725,388,268,147.529,30.140
45,1411.429,45.931,318,282,107.354,41.100
46,2117.143,56.487,60,303,67.166,52.060
47,750.760,34.659,496,287,161.565,30.140
48,2207.234,60.342,182,291,140.528,52.060
49,1418.936,47.930,233,300,120.964,40.541
50,1749.271,51.988,409,312,18.435,46.580
51,1133.648,48.553,453,313,16.390,40.541
52,2409.940,59.148,151,337,76.608,56.187
53,2184.712,57.213,375,316,106.699,52.060
54,1298.815,44.939,336,335,127.569,40.687
55,1561.581,51.480,469,336,115.201,41.662
56,1171.186,44.604,196,340,137.490,38.360
57,1719.240,52.634,62,341,128.660,43.840
58,2072.098,56.487,399,356,104.036,49.320
59,1644.164,50.523,152,372,167.471,43.787
60,2462.493,62.542,4,381,28.811,54.800
61,427.933,26.986,250,372,156.038,24.261
62,2454.985,63.258,189,383,162.350,54.800
63,983.496,40.456,368,385,118.301,32.880
64,1606.626,52.918,117,407,158.749,43.840
65,1193.708,44.604,470,408,169.380,37.812
66,1734.256,51.187,311,411,164.476,46.580
67,2837.873,66.272,184,427,7.125,57.540
68,2605.137,68.500,54,440,53.130,54.800
69,585.593,29.638,257,419,123.690,27.400
70,1456.474,47.930,431,431,149.036,41.100
71,1839.362,53.832,129,458,14.744,46.900
72,810.821,37.268,361,460,53.973,30.140
73,1779.301,53.972,186,467,23.962,46.518
74,1711.733,50.523,465,470,40.601,46.580
75,1599.119,54.800,95,479,36.870,43.840
76,1456.474,48.784,228,498,51.843,43.840
77,848.359,36.761,448,493,153.435,32.880
78,818.328,37.268,44,492,143.973,32.880
